Не пришла смс;173.234.27.13;canada;virtual12
Success;66.23.206.158;canada;virtual12
Не пришла смс;'216.52.25.27;canada;virtual12
Success;72.96.166.126;england;virtual34
Success;173.234.27.13;congo;virtual4
Не пришла смс; '74.201.73.4;congo;virtual4
Не пришла смс; '74.201.73.4;congo;virtual4
Не пришла смс;'216.52.25.27;haiti;virtual4
Не пришла смс; '74.201.73.4;haiti;virtual4
Не пришла смс;'216.52.25.27;haiti;virtual4
Не пришла смс;173.234.27.13;haiti;virtual4
Не пришла смс; '74.201.73.4;haiti;virtual4
Не пришла смс;72.96.166.126;haiti;virtual4
Не пришла смс;'216.52.25.27;haiti;virtual4
Не пришла смс;66.23.206.158;haiti;virtual4
Success;'216.52.25.27;mongolia;virtual7
Не пришла смс;66.23.206.158;nicaragua;virtual23
Success;173.234.27.13;mauritius;virtual21
Не пришла смс; '74.201.73.4;russia;beeline
Не пришла смс;72.96.166.126;senegal;virtual4
Success;64.74.163.147;tanzania;virtual21
Success;72.96.166.126;canada;virtual8
Success;'216.52.25.27;canada;virtual8
Не пришла смс;64.74.163.147;canada;virtual12
Не пришла смс;173.234.27.13;canada;virtual12
Не пришла смс;64.74.163.147;tanzania;virtual21
Success;66.23.206.158;canada;virtual8
Success;72.96.166.126;canada;virtual8
Success;64.74.163.147;canada;virtual12
Success;'216.52.25.27;canada;virtual8
Не пришла смс;'216.52.25.27;congo;virtual4
Success;64.74.163.147;england;virtual34
Success;'216.52.25.27;congo;virtual4
Не пришла смс;173.234.27.13;colombia;virtual21
Success;64.74.163.147;mongolia;virtual7
Не пришла смс;173.234.27.13;england;virtual4
Success;72.96.166.126;mauritius;virtual21
Не пришла смс;'216.52.25.27;haiti;virtual4
Не пришла смс;173.234.27.13;haiti;virtual4
Не пришла смс;'216.52.25.27;haiti;virtual4
Success;66.23.206.158;haiti;virtual4
Success;72.96.166.126;canada;virtual12
Не пришла смс;173.234.27.13;nicaragua;virtual23
Не пришла смс;64.74.163.147;nicaragua;virtual23
Не пришла смс;'216.52.25.27;senegal;virtual4
Не пришла смс;66.23.206.158;tanzania;virtual21
Success;173.234.27.13;canada;virtual12
Не пришла смс;'216.52.25.27;canada;virtual12
Success;66.23.206.158;canada;virtual8
Success;64.74.163.147;canada;virtual8
Success;72.96.166.126;canada;virtual8
Не пришла смс;'216.52.25.27;canada;virtual12
Не пришла смс;173.234.27.13;england;virtual34
Success;72.96.166.126;haiti;virtual4
Success;64.74.163.147;haiti;virtual4
Success;66.23.206.158;congo;virtual4
Success;173.234.27.13;england;virtual34
Success;66.23.206.158;mongolia;virtual7
Success;173.234.27.13;mongolia;virtual7
Success;66.23.206.158;mongolia;virtual7
Success;64.74.163.147;mongolia;virtual7
Success;173.234.27.13;canada;virtual8
Success;72.96.166.126;canada;virtual8
Не пришла смс;'216.52.25.27;colombia;virtual21
Success;173.234.27.13;canada;virtual8
Success;72.96.166.126;canada;virtual8
Success;64.74.163.147;canada;virtual8
Не пришла смс;66.23.206.158;canada;virtual12
Success;173.234.27.13;colombia;virtual21
Не пришла смс;64.74.163.147;canada;virtual35
Success;64.74.163.147;canada;virtual8
Success;72.96.166.126;colombia;virtual21
Success;66.23.206.158;england;virtual34
Success;'216.52.25.27;canada;virtual8
Success;173.234.27.13;egypt;virtual21
Не пришла смс;66.23.206.158;england;virtual34
Не пришла смс;64.74.163.147;egypt;virtual21
Success;72.96.166.126;colombia;virtual21
Success;66.23.206.158;england;virtual34
Success;'216.52.25.27;canada;virtual8
Success;66.23.206.158;england;virtual34
Не пришла смс;72.96.166.126;colombia;virtual21
Success;173.234.27.13;haiti;virtual4
Success;72.96.166.126;haiti;virtual4
Success;64.74.163.147;haiti;virtual4
Не пришла смс;66.23.206.158;canada;virtual35
Success;173.234.27.13;haiti;virtual4
Не пришла смс;'216.52.25.27;england;virtual34
Success;72.96.166.126;canada;virtual35
Success;66.23.206.158;haiti;virtual4
Не пришла смс;'216.52.25.27;england;virtual34
Success;64.74.163.147;haiti;virtual4
Success;173.234.27.13;haiti;virtual4
Success;173.234.27.13;haiti;virtual4
Success;64.74.163.147;haiti;virtual4
Success;'216.52.25.27;haiti;virtual4
Success;72.96.166.126;haiti;virtual4
Success;'216.52.25.27;england;virtual34
Не пришла смс;173.234.27.13;haiti;virtual4
Не пришла смс;64.74.163.147;haiti;virtual4
Не пришла смс;72.96.166.126;haiti;virtual4
Success;64.74.163.147;congo;virtual4
Success;173.234.27.13;mongolia;virtual7
Не пришла смс;'216.52.25.27;england;virtual4
Не пришла смс;66.23.206.158;haiti;virtual4
Success;173.234.27.13;mongolia;virtual7
Не пришла смс;66.23.206.158;haiti;virtual4
Не пришла смс;72.96.166.126;haiti;virtual4
Не пришла смс;'216.52.25.27;haiti;virtual4
Success;66.23.206.158;haiti;virtual4
Success;'216.52.25.27;england;virtual4
Success;173.234.27.13;mongolia;virtual7
Не пришла смс;64.74.163.147;congo;virtual4
Success;173.234.27.13;mongolia;virtual7
Success;66.23.206.158;haiti;virtual4
Не пришла смс;64.74.163.147;congo;virtual4
Success;173.234.27.13;mongolia;virtual7
Success;64.74.163.147;congo;virtual4
Не пришла смс;66.23.206.158;haiti;virtual4
Не пришла смс;66.23.206.158;senegal;virtual4
Не пришла смс;64.74.163.147;tanzania;virtual21
Не пришла смс;'216.52.25.27;nicaragua;virtual23
Не пришла смс;173.234.27.13;tanzania;virtual21
Не пришла смс;72.96.166.126;england;virtual4
Success;66.23.206.158;senegal;virtual4
